PC,df1,df2,F,p
PC1,1,66,23.72101580105411,7.287282598521137e-6
PC2,1,66,8.289222901264376,0.005370691524419868
PC3,1,66,0.30885181720087757,0.5802647077863481
PC4,1,66,6.349715219520345,0.014167543539833115
PC5,1,66,1.28793579237845,0.26053353104795257
PC6,1,66,0.0036804564100014923,0.9518079341091514
