variable,df1_group,df2_group,Pillai_group,approxF_group,p_group,df1_var,df2_var,Pillai_var,approxF_var,p_var
family,1,58,0.9208229324450508,5.964061350284774,3.9847029441092915e-5,9,58,6.6365258279316786,2.0159666926368125,2.842299467497011e-9
habitat,1,59,0.9197400937248396,6.170511390256999,2.0772096476968745e-5,4,59,2.9232416057388697,1.6706792543357272,0.003379060376753224
feeding,1,60,0.9184972604044914,6.357168633677522,1.1007721687258483e-5,3,60,1.8027156162650737,0.926566379077346,0.6468990028829797
diet,1,60,0.9193798271562171,6.432937310714147,9.922581984836866e-6,3,60,2.207386783113947,1.7138143013415634,0.007077425750216502
divetype,1,60,0.9230649509171697,6.768089600943515,6.339234857326038e-6,3,60,2.2424200399164875,1.821524943245122,0.003234597939095526
hearingtype,1,66,0.8978310597546272,6.309125422435483,1.3289828848075354e-6,1,66,0.8326461489501883,3.5720554465507623,3.74039824279791e-4
