df1,df2,Pillai,approxF,p
1,67,0.46800120828149167,9.090269678909815,3.955100428832323e-7
