df1,df2,Pillai,approxF,p
1,66,0.487585223477095,9.674031011207997,1.8099030361672913e-7
