variable,df1_group,df2_group,Pillai_group,approxF_group,p_group,df1_var,df2_var,Pillai_var,approxF_var,p_var
family,1,58,0.9523998103255394,10.260676742709583,4.292900716425618e-7,9,58,7.105383072410346,2.692523535014249,2.7337856258572397e-16
habitat,1,59,0.9247582739685246,6.617960394712712,1.154021255506491e-5,4,59,3.139146190172756,2.2440305761825137,1.3492169283885763e-5
feeding,1,60,0.9249201896126782,6.949269688603871,5.011355804618946e-6,3,60,1.6808841957803464,0.7841542577365139,0.8792708182769258
diet,1,60,0.9229568511285424,6.757801750111532,6.425356390341888e-6,3,60,2.4543272957680395,2.767877607255466,3.2309971268203103e-6
divetype,1,60,0.9383515356873762,8.586207510807965,7.292730175459899e-7,3,60,2.312440315124091,2.0696969662776956,5.176532635312052e-4
hearingtype,1,66,0.9146197057154956,7.690885240345772,1.4750207107655474e-7,1,66,0.8563642596070814,4.2804501205628815,7.046623694382961e-5
